"group","man","woman"
"gender_expectedcounts",130.666666666667,74.3333333333333
"gender_expectedcounts",261.333333333333,148.666666666667
